"groupId","artifactId","version","type","classifier"
"org.springframework.boot","org.springframework.boot.gradle.plugin","4.0.5","pom",""
"io.spring.dependency-management","io.spring.dependency-management.gradle.plugin","1.1.7","pom",""
"org.asciidoctor.jvm.convert","org.asciidoctor.jvm.convert.gradle.plugin","4.0.5","pom",""
"biz.aQute.bnd","biz.aQute.bnd.annotation","7.1.0","jar",""
"ch.qos.logback","logback-classic","1.5.32","jar",""
"ch.qos.logback","logback-core","1.5.32","jar",""
"com.beust","jcommander","1.82","jar",""
"com.fasterxml","classmate","1.7.3","jar",""
"com.fasterxml.jackson.core","jackson-annotations","2.21","jar",""
"com.fasterxml.jackson.core","jackson-core","2.21.2","jar",""
"com.fasterxml.jackson.core","jackson-databind","2.21.2","jar",""
"com.fasterxml.jackson.dataformat","jackson-dataformat-yaml","2.21.2","jar",""
"com.fasterxml.jackson.datatype","jackson-datatype-jsr310","2.21.2","jar",""
"com.google.code.findbugs","jsr305","3.0.2","jar",""
"com.google.errorprone","error_prone_annotations","2.38.0","jar",""
"com.jayway.jsonpath","json-path","2.10.0","jar",""
"com.mysema.commons","mysema-commons-lang","0.2.4","jar",""
"com.oracle.database.jdbc","ojdbc11","23.9.0.25.07","jar",""
"com.querydsl","codegen-utils","5.1.0","jar",""
"com.querydsl","querydsl-apt","5.1.0","jar","jakarta"
"com.querydsl","querydsl-codegen","5.1.0","jar",""
"com.querydsl","querydsl-core","5.1.0","jar",""
"com.querydsl","querydsl-jpa","5.1.0","jar","jakarta"
"com.samskivert","jmustache","1.16","jar",""
"com.sun.istack","istack-commons-runtime","4.1.2","jar",""
"com.vaadin.external.google","android-json","0.0.20131108.vaadin1","jar",""
"com.zaxxer","HikariCP","7.0.2","jar",""
"commons-codec","commons-codec","1.17.1","jar",""
"commons-io","commons-io","2.16.1","jar",""
"commons-logging","commons-logging","1.3.5","jar",""
"commons-logging","commons-logging","1.3.6","jar",""
"io.github.classgraph","classgraph","4.8.146","jar",""
"io.jsonwebtoken","jjwt-api","0.13.0","jar",""
"io.jsonwebtoken","jjwt-impl","0.13.0","jar",""
"io.jsonwebtoken","jjwt-jackson","0.13.0","jar",""
"io.micrometer","micrometer-commons","1.16.4","jar",""
"io.micrometer","micrometer-core","1.16.4","jar",""
"io.micrometer","micrometer-jakarta9","1.16.4","jar",""
"io.micrometer","micrometer-observation","1.16.4","jar",""
"io.micrometer","micrometer-observation-test","1.16.4","jar",""
"io.spring.gradle","dependency-management-plugin","1.1.7","jar",""
"io.swagger.core.v3","swagger-annotations-jakarta","2.2.47","jar",""
"io.swagger.core.v3","swagger-core-jakarta","2.2.47","jar",""
"io.swagger.core.v3","swagger-models-jakarta","2.2.47","jar",""
"jakarta.activation","jakarta.activation-api","2.1.4","jar",""
"jakarta.annotation","jakarta.annotation-api","3.0.0","jar",""
"jakarta.inject","jakarta.inject-api","2.0.1","jar",""
"jakarta.persistence","jakarta.persistence-api","3.2.0","jar",""
"jakarta.servlet","jakarta.servlet-api","6.1.0","jar",""
"jakarta.transaction","jakarta.transaction-api","2.0.1","jar",""
"jakarta.validation","jakarta.validation-api","3.1.1","jar",""
"jakarta.xml.bind","jakarta.xml.bind-api","4.0.4","jar",""
"javax.inject","javax.inject","1","jar",""
"net.bytebuddy","byte-buddy","1.17.8","jar",""
"net.bytebuddy","byte-buddy-agent","1.17.8","jar",""
"net.java.dev.jna","jna","5.17.0","jar",""
"net.java.dev.jna","jna-platform","5.17.0","jar",""
"net.minidev","accessors-smart","2.6.0","jar",""
"net.minidev","json-smart","2.6.0","jar",""
"org.antlr","antlr4-runtime","4.13.2","jar",""
"org.antlr","antlr4-runtime","4.7.2","jar",""
"org.apache.commons","commons-collections4","4.4","jar",""
"org.apache.commons","commons-compress","1.27.1","jar",""
"org.apache.commons","commons-lang3","3.16.0","jar",""
"org.apache.commons","commons-lang3","3.19.0","jar",""
"org.apache.httpcomponents.client5","httpclient5","5.5.2","jar",""
"org.apache.httpcomponents.core5","httpcore5","5.3.6","jar",""
"org.apache.httpcomponents.core5","httpcore5-h2","5.3.6","jar",""
"org.apache.logging.log4j","log4j-api","2.25.3","jar",""
"org.apache.logging.log4j","log4j-to-slf4j","2.25.3","jar",""
"org.apache.tomcat","tomcat-annotations-api","11.0.20","jar",""
"org.apache.tomcat.embed","tomcat-embed-core","11.0.20","jar",""
"org.apache.tomcat.embed","tomcat-embed-el","11.0.20","jar",""
"org.apache.tomcat.embed","tomcat-embed-jasper","11.0.20","jar",""
"org.apache.tomcat.embed","tomcat-embed-websocket","11.0.20","jar",""
"org.apiguardian","apiguardian-api","1.1.2","jar",""
"org.asciidoctor","asciidoctor-gradle-base","4.0.5","jar",""
"org.asciidoctor","asciidoctor-gradle-jvm","4.0.5","jar",""
"org.asciidoctor","asciidoctorj","2.5.7","jar",""
"org.asciidoctor","asciidoctorj-api","2.5.7","jar",""
"org.aspectj","aspectjweaver","1.9.25.1","jar",""
"org.assertj","assertj-core","3.27.7","jar",""
"org.awaitility","awaitility","4.3.0","jar",""
"org.eclipse.angus","angus-activation","2.0.3","jar",""
"org.eclipse.jdt","ecj","3.26.0","jar",""
"org.eclipse.jdt","ecj","3.45.0","jar",""
"org.glassfish.jaxb","jaxb-core","4.0.6","jar",""
"org.glassfish.jaxb","jaxb-runtime","4.0.6","jar",""
"org.glassfish.jaxb","txw2","4.0.6","jar",""
"org.hamcrest","hamcrest","3.0","jar",""
"org.hdrhistogram","HdrHistogram","2.2.2","jar",""
"org.hibernate.models","hibernate-models","1.0.1","jar",""
"org.hibernate.orm","hibernate-core","7.2.7.Final","jar",""
"org.hibernate.validator","hibernate-validator","9.0.1.Final","jar",""
"org.jacoco","org.jacoco.agent","0.8.13","jar",""
"org.jacoco","org.jacoco.ant","0.8.13","jar",""
"org.jacoco","org.jacoco.core","0.8.13","jar",""
"org.jacoco","org.jacoco.report","0.8.13","jar",""
"org.jboss.logging","jboss-logging","3.6.3.Final","jar",""
"org.jruby","jruby-complete","9.3.8.0","jar",""
"org.jsoup","jsoup","1.18.3","jar",""
"org.jspecify","jspecify","1.0.0","jar",""
"org.junit.jupiter","junit-jupiter","6.0.3","jar",""
"org.junit.jupiter","junit-jupiter-api","6.0.3","jar",""
"org.junit.jupiter","junit-jupiter-engine","6.0.3","jar",""
"org.junit.jupiter","junit-jupiter-params","6.0.3","jar",""
"org.junit.platform","junit-platform-commons","6.0.3","jar",""
"org.junit.platform","junit-platform-engine","6.0.3","jar",""
"org.junit.platform","junit-platform-launcher","6.0.3","jar",""
"org.latencyutils","LatencyUtils","2.0.3","jar",""
"org.mockito","mockito-core","5.20.0","jar",""
"org.mockito","mockito-junit-jupiter","5.20.0","jar",""
"org.objenesis","objenesis","3.3","jar",""
"org.opentest4j","opentest4j","1.3.0","jar",""
"org.osgi","org.osgi.annotation.bundle","2.0.0","jar",""
"org.osgi","org.osgi.annotation.versioning","1.1.2","jar",""
"org.osgi","org.osgi.resource","1.0.0","jar",""
"org.osgi","org.osgi.service.serviceloader","1.0.0","jar",""
"org.ow2.asm","asm","9.7.1","jar",""
"org.ow2.asm","asm","9.8","jar",""
"org.ow2.asm","asm-commons","9.8","jar",""
"org.ow2.asm","asm-tree","9.8","jar",""
"org.projectlombok","lombok","1.18.44","jar",""
"org.skyscreamer","jsonassert","1.5.3","jar",""
"org.slf4j","jul-to-slf4j","2.0.17","jar",""
"org.slf4j","slf4j-api","1.7.36","jar",""
"org.slf4j","slf4j-api","2.0.17","jar",""
"org.springdoc","springdoc-openapi-starter-common","3.0.3","jar",""
"org.springdoc","springdoc-openapi-starter-webmvc-api","3.0.3","jar",""
"org.springdoc","springdoc-openapi-starter-webmvc-ui","3.0.3","jar",""
"org.springframework","spring-aop","7.0.6","jar",""
"org.springframework","spring-aspects","7.0.6","jar",""
"org.springframework","spring-beans","7.0.6","jar",""
"org.springframework","spring-context","7.0.6","jar",""
"org.springframework","spring-core","7.0.6","jar",""
"org.springframework","spring-expression","7.0.6","jar",""
"org.springframework","spring-jdbc","7.0.6","jar",""
"org.springframework","spring-orm","7.0.6","jar",""
"org.springframework","spring-test","7.0.6","jar",""
"org.springframework","spring-tx","7.0.6","jar",""
"org.springframework","spring-web","7.0.6","jar",""
"org.springframework","spring-webmvc","7.0.6","jar",""
"org.springframework.boot","spring-boot","4.0.5","jar",""
"org.springframework.boot","spring-boot-actuator","4.0.5","jar",""
"org.springframework.boot","spring-boot-actuator-autoconfigure","4.0.5","jar",""
"org.springframework.boot","spring-boot-autoconfigure","4.0.5","jar",""
"org.springframework.boot","spring-boot-buildpack-platform","4.0.5","jar",""
"org.springframework.boot","spring-boot-configuration-processor","4.0.5","jar",""
"org.springframework.boot","spring-boot-data-commons","4.0.5","jar",""
"org.springframework.boot","spring-boot-data-jpa","4.0.5","jar",""
"org.springframework.boot","spring-boot-data-jpa-test","4.0.5","jar",""
"org.springframework.boot","spring-boot-devtools","4.0.5","jar",""
"org.springframework.boot","spring-boot-gradle-plugin","4.0.5","jar",""
"org.springframework.boot","spring-boot-health","4.0.5","jar",""
"org.springframework.boot","spring-boot-hibernate","4.0.5","jar",""
"org.springframework.boot","spring-boot-http-converter","4.0.5","jar",""
"org.springframework.boot","spring-boot-jackson","4.0.5","jar",""
"org.springframework.boot","spring-boot-jdbc","4.0.5","jar",""
"org.springframework.boot","spring-boot-jdbc-test","4.0.5","jar",""
"org.springframework.boot","spring-boot-jpa","4.0.5","jar",""
"org.springframework.boot","spring-boot-jpa-test","4.0.5","jar",""
"org.springframework.boot","spring-boot-loader-tools","4.0.5","jar",""
"org.springframework.boot","spring-boot-micrometer-metrics","4.0.5","jar",""
"org.springframework.boot","spring-boot-micrometer-metrics-test","4.0.5","jar",""
"org.springframework.boot","spring-boot-micrometer-observation","4.0.5","jar",""
"org.springframework.boot","spring-boot-persistence","4.0.5","jar",""
"org.springframework.boot","spring-boot-restdocs","4.0.5","jar",""
"org.springframework.boot","spring-boot-resttestclient","4.0.5","jar",""
"org.springframework.boot","spring-boot-security","4.0.5","jar",""
"org.springframework.boot","spring-boot-security-test","4.0.5","jar",""
"org.springframework.boot","spring-boot-servlet","4.0.5","jar",""
"org.springframework.boot","spring-boot-sql","4.0.5","jar",""
"org.springframework.boot","spring-boot-starter","4.0.5","jar",""
"org.springframework.boot","spring-boot-starter-actuator","4.0.5","jar",""
"org.springframework.boot","spring-boot-starter-actuator-test","4.0.5","jar",""
"org.springframework.boot","spring-boot-starter-data-jpa","4.0.5","jar",""
"org.springframework.boot","spring-boot-starter-data-jpa-test","4.0.5","jar",""
"org.springframework.boot","spring-boot-starter-jackson","4.0.5","jar",""
"org.springframework.boot","spring-boot-starter-jackson-test","4.0.5","jar",""
"org.springframework.boot","spring-boot-starter-jdbc","4.0.5","jar",""
"org.springframework.boot","spring-boot-starter-jdbc-test","4.0.5","jar",""
"org.springframework.boot","spring-boot-starter-logging","4.0.5","jar",""
"org.springframework.boot","spring-boot-starter-micrometer-metrics","4.0.5","jar",""
"org.springframework.boot","spring-boot-starter-micrometer-metrics-test","4.0.5","jar",""
"org.springframework.boot","spring-boot-starter-security","4.0.5","jar",""
"org.springframework.boot","spring-boot-starter-security-test","4.0.5","jar",""
"org.springframework.boot","spring-boot-starter-test","4.0.5","jar",""
"org.springframework.boot","spring-boot-starter-tomcat","4.0.5","jar",""
"org.springframework.boot","spring-boot-starter-tomcat-runtime","4.0.5","jar",""
"org.springframework.boot","spring-boot-starter-validation","4.0.5","jar",""
"org.springframework.boot","spring-boot-starter-web","4.0.5","jar",""
"org.springframework.boot","spring-boot-starter-webmvc","4.0.5","jar",""
"org.springframework.boot","spring-boot-starter-webmvc-test","4.0.5","jar",""
"org.springframework.boot","spring-boot-test","4.0.5","jar",""
"org.springframework.boot","spring-boot-test-autoconfigure","4.0.5","jar",""
"org.springframework.boot","spring-boot-tomcat","4.0.5","jar",""
"org.springframework.boot","spring-boot-transaction","4.0.5","jar",""
"org.springframework.boot","spring-boot-validation","4.0.5","jar",""
"org.springframework.boot","spring-boot-webmvc","4.0.5","jar",""
"org.springframework.boot","spring-boot-webmvc-test","4.0.5","jar",""
"org.springframework.boot","spring-boot-web-server","4.0.5","jar",""
"org.springframework.data","spring-data-commons","4.0.4","jar",""
"org.springframework.data","spring-data-jpa","4.0.4","jar",""
"org.springframework.restdocs","spring-restdocs-core","4.0.0","jar",""
"org.springframework.restdocs","spring-restdocs-mockmvc","4.0.0","jar",""
"org.springframework.security","spring-security-config","7.0.4","jar",""
"org.springframework.security","spring-security-core","7.0.4","jar",""
"org.springframework.security","spring-security-crypto","7.0.4","jar",""
"org.springframework.security","spring-security-test","7.0.4","jar",""
"org.springframework.security","spring-security-web","7.0.4","jar",""
"org.tomlj","tomlj","1.0.0","jar",""
"org.tukaani","xz","1.6","jar",""
"org.webjars","swagger-ui","5.32.2","jar",""
"org.webjars","webjars-locator-lite","1.1.3","jar",""
"org.xmlunit","xmlunit-core","2.10.4","jar",""
"org.yaml","snakeyaml","2.5","jar",""
"org.ysb33r.gradle","grolifant40","3.0.1","jar",""
"org.ysb33r.gradle","grolifant40-legacy-api","3.0.1","jar",""
"org.ysb33r.gradle","grolifant50","3.0.1","jar",""
"org.ysb33r.gradle","grolifant60","3.0.1","jar",""
"org.ysb33r.gradle","grolifant70","3.0.1","jar",""
"org.ysb33r.gradle","grolifant80","3.0.1","jar",""
"org.ysb33r.gradle","grolifant-core","3.0.1","jar",""
"org.ysb33r.gradle","grolifant-herd","3.0.1","jar",""
"org.ysb33r.gradle","grolifant-rawhide","3.0.1","jar",""
"tools.jackson.core","jackson-core","3.1.0","jar",""
"tools.jackson.core","jackson-databind","3.1.0","jar",""
