"그룹","아티팩트","버전","classifier","타입","파일명"
"biz.aQute.bnd","biz.aQute.bnd.annotation","7.1.0","","jar","biz.aQute.bnd.annotation-7.1.0.jar"
"ch.qos.logback","logback-classic","1.5.34","","jar","logback-classic-1.5.34.jar"
"ch.qos.logback","logback-core","1.5.34","","jar","logback-core-1.5.34.jar"
"ch.qos.logback","logback-parent","1.5.34","","pom","logback-parent-1.5.34.pom"
"com.fasterxml","classmate","1.7.3","","jar","classmate-1.7.3.jar"
"com.fasterxml","oss-parent","68","","pom","oss-parent-68.pom"
"com.fasterxml","oss-parent","74","","pom","oss-parent-74.pom"
"com.fasterxml","oss-parent","75","","pom","oss-parent-75.pom"
"com.fasterxml","oss-parent","76","","pom","oss-parent-76.pom"
"com.fasterxml","oss-parent","79","","pom","oss-parent-79.pom"
"com.fasterxml.jackson","jackson-base","2.21.4","","pom","jackson-base-2.21.4.pom"
"com.fasterxml.jackson","jackson-bom","2.19.1","","pom","jackson-bom-2.19.1.pom"
"com.fasterxml.jackson","jackson-bom","2.21.2","","pom","jackson-bom-2.21.2.pom"
"com.fasterxml.jackson","jackson-bom","2.21.4","","pom","jackson-bom-2.21.4.pom"
"com.fasterxml.jackson","jackson-parent","2.19.2","","pom","jackson-parent-2.19.2.pom"
"com.fasterxml.jackson","jackson-parent","2.21","","pom","jackson-parent-2.21.pom"
"com.fasterxml.jackson.core","jackson-annotations","2.21","","jar","jackson-annotations-2.21.jar"
"com.fasterxml.jackson.core","jackson-core","2.21.4","","jar","jackson-core-2.21.4.jar"
"com.fasterxml.jackson.core","jackson-databind","2.21.4","","jar","jackson-databind-2.21.4.jar"
"com.fasterxml.jackson.dataformat","jackson-dataformats-text","2.21.4","","pom","jackson-dataformats-text-2.21.4.pom"
"com.fasterxml.jackson.dataformat","jackson-dataformat-yaml","2.21.4","","jar","jackson-dataformat-yaml-2.21.4.jar"
"com.fasterxml.jackson.datatype","jackson-datatype-jsr310","2.21.4","","jar","jackson-datatype-jsr310-2.21.4.jar"
"com.fasterxml.jackson.module","jackson-modules-java8","2.21.4","","pom","jackson-modules-java8-2.21.4.pom"
"com.github.ben-manes.caffeine","caffeine","3.2.4","","jar","caffeine-3.2.4.jar"
"com.google.code.findbugs","jsr305","3.0.2","","jar","jsr305-3.0.2.jar"
"com.google.errorprone","error_prone_annotations","2.49.0","","jar","error_prone_annotations-2.49.0.jar"
"com.google.errorprone","error_prone_parent","2.49.0","","pom","error_prone_parent-2.49.0.pom"
"com.google.protobuf","protobuf-bom","4.34.2","","pom","protobuf-bom-4.34.2.pom"
"com.jayway.jsonpath","json-path","2.10.0","","jar","json-path-2.10.0.jar"
"com.mysema.commons","mysema-commons-lang","0.2.4","","jar","mysema-commons-lang-0.2.4.jar"
"com.mysema.home","mysema-source","0.3.0","","pom","mysema-source-0.3.0.pom"
"com.oracle.database.jdbc","ojdbc11","23.26.2.0.0","","jar","ojdbc11-23.26.2.0.0.jar"
"com.querydsl","codegen-utils","5.1.0","","jar","codegen-utils-5.1.0.jar"
"com.querydsl","querydsl-apt","5.1.0","","pom","querydsl-apt-5.1.0.pom"
"com.querydsl","querydsl-apt","5.1.0","jakarta","jar","querydsl-apt-5.1.0-jakarta.jar"
"com.querydsl","querydsl-bom","5.1.0","","pom","querydsl-bom-5.1.0.pom"
"com.querydsl","querydsl-codegen","5.1.0","","jar","querydsl-codegen-5.1.0.jar"
"com.querydsl","querydsl-core","5.1.0","","jar","querydsl-core-5.1.0.jar"
"com.querydsl","querydsl-jpa","5.1.0","","pom","querydsl-jpa-5.1.0.pom"
"com.querydsl","querydsl-jpa","5.1.0","jakarta","jar","querydsl-jpa-5.1.0-jakarta.jar"
"com.querydsl","querydsl-parent","0.1.0","","pom","querydsl-parent-0.1.0.pom"
"com.querydsl","querydsl-root","5.1.0","","pom","querydsl-root-5.1.0.pom"
"com.samskivert","jmustache","1.16","","jar","jmustache-1.16.jar"
"com.sun.istack","istack-commons","4.1.2","","pom","istack-commons-4.1.2.pom"
"com.sun.istack","istack-commons-runtime","4.1.2","","jar","istack-commons-runtime-4.1.2.jar"
"com.vaadin.external.google","android-json","0.0.20131108.vaadin1","","jar","android-json-0.0.20131108.vaadin1.jar"
"com.zaxxer","HikariCP","7.0.2","","jar","HikariCP-7.0.2.jar"
"commons-codec","commons-codec","1.17.1","","jar","commons-codec-1.17.1.jar"
"commons-io","commons-io","2.16.1","","jar","commons-io-2.16.1.jar"
"commons-logging","commons-logging","1.3.5","","jar","commons-logging-1.3.5.jar"
"commons-logging","commons-logging","1.3.6","","jar","commons-logging-1.3.6.jar"
"io.github.classgraph","classgraph","4.8.146","","jar","classgraph-4.8.146.jar"
"io.grpc","grpc-bom","1.80.0","","pom","grpc-bom-1.80.0.pom"
"io.jsonwebtoken","jjwt-api","0.13.0","","jar","jjwt-api-0.13.0.jar"
"io.jsonwebtoken","jjwt-impl","0.13.0","","jar","jjwt-impl-0.13.0.jar"
"io.jsonwebtoken","jjwt-jackson","0.13.0","","jar","jjwt-jackson-0.13.0.jar"
"io.jsonwebtoken","jjwt-root","0.13.0","","pom","jjwt-root-0.13.0.pom"
"io.micrometer","micrometer-bom","1.16.4","","pom","micrometer-bom-1.16.4.pom"
"io.micrometer","micrometer-bom","1.17.0","","pom","micrometer-bom-1.17.0.pom"
"io.micrometer","micrometer-commons","1.17.0","","jar","micrometer-commons-1.17.0.jar"
"io.micrometer","micrometer-core","1.17.0","","jar","micrometer-core-1.17.0.jar"
"io.micrometer","micrometer-jakarta9","1.17.0","","jar","micrometer-jakarta9-1.17.0.jar"
"io.micrometer","micrometer-observation","1.17.0","","jar","micrometer-observation-1.17.0.jar"
"io.micrometer","micrometer-observation-test","1.17.0","","jar","micrometer-observation-test-1.17.0.jar"
"io.micrometer","micrometer-tracing-bom","1.7.0","","pom","micrometer-tracing-bom-1.7.0.pom"
"io.netty","netty-bom","4.2.12.Final","","pom","netty-bom-4.2.12.Final.pom"
"io.netty","netty-bom","4.2.15.Final","","pom","netty-bom-4.2.15.Final.pom"
"io.opentelemetry","opentelemetry-bom","1.49.0","","pom","opentelemetry-bom-1.49.0.pom"
"io.opentelemetry","opentelemetry-bom","1.55.0","","pom","opentelemetry-bom-1.55.0.pom"
"io.opentelemetry","opentelemetry-bom","1.62.0","","pom","opentelemetry-bom-1.62.0.pom"
"io.projectreactor","reactor-bom","2025.0.4","","pom","reactor-bom-2025.0.4.pom"
"io.projectreactor","reactor-bom","2025.0.6","","pom","reactor-bom-2025.0.6.pom"
"io.prometheus","client_java_parent","1.4.3","","pom","client_java_parent-1.4.3.pom"
"io.prometheus","client_java_parent","1.5.1","","pom","client_java_parent-1.5.1.pom"
"io.prometheus","parent","0.16.0","","pom","parent-0.16.0.pom"
"io.prometheus","prometheus-metrics-bom","1.4.3","","pom","prometheus-metrics-bom-1.4.3.pom"
"io.prometheus","prometheus-metrics-bom","1.5.1","","pom","prometheus-metrics-bom-1.5.1.pom"
"io.prometheus","simpleclient_bom","0.16.0","","pom","simpleclient_bom-0.16.0.pom"
"io.rsocket","rsocket-bom","1.1.5","","pom","rsocket-bom-1.1.5.pom"
"io.spring.dependency-management","io.spring.dependency-management.gradle.plugin","1.1.7","","pom","io.spring.dependency-management.gradle.plugin-1.1.7.pom"
"io.spring.gradle","dependency-management-plugin","1.1.7","","jar","dependency-management-plugin-1.1.7.jar"
"io.swagger.core.v3","swagger-annotations-jakarta","2.2.47","","jar","swagger-annotations-jakarta-2.2.47.jar"
"io.swagger.core.v3","swagger-core-jakarta","2.2.47","","jar","swagger-core-jakarta-2.2.47.jar"
"io.swagger.core.v3","swagger-models-jakarta","2.2.47","","jar","swagger-models-jakarta-2.2.47.jar"
"io.swagger.core.v3","swagger-project-jakarta","2.2.47","","pom","swagger-project-jakarta-2.2.47.pom"
"io.zipkin.brave","brave-bom","6.3.1","","pom","brave-bom-6.3.1.pom"
"io.zipkin.reporter2","zipkin-reporter-bom","3.5.3","","pom","zipkin-reporter-bom-3.5.3.pom"
"jakarta.activation","jakarta.activation-api","2.1.4","","jar","jakarta.activation-api-2.1.4.jar"
"jakarta.annotation","jakarta.annotation-api","3.0.0","","jar","jakarta.annotation-api-3.0.0.jar"
"jakarta.inject","jakarta.inject-api","2.0.1","","jar","jakarta.inject-api-2.0.1.jar"
"jakarta.persistence","jakarta.persistence-api","3.2.0","","jar","jakarta.persistence-api-3.2.0.jar"
"jakarta.platform","jakarta.jakartaee-bom","9.1.0","","pom","jakarta.jakartaee-bom-9.1.0.pom"
"jakarta.platform","jakartaee-api-parent","9.1.0","","pom","jakartaee-api-parent-9.1.0.pom"
"jakarta.servlet","jakarta.servlet-api","6.1.0","","jar","jakarta.servlet-api-6.1.0.jar"
"jakarta.transaction","jakarta.transaction-api","2.0.1","","jar","jakarta.transaction-api-2.0.1.jar"
"jakarta.validation","jakarta.validation-api","3.1.1","","jar","jakarta.validation-api-3.1.1.jar"
"jakarta.xml.bind","jakarta.xml.bind-api","4.0.5","","jar","jakarta.xml.bind-api-4.0.5.jar"
"jakarta.xml.bind","jakarta.xml.bind-api-parent","4.0.5","","pom","jakarta.xml.bind-api-parent-4.0.5.pom"
"javax.inject","javax.inject","1","","jar","javax.inject-1.jar"
"net.bytebuddy","byte-buddy","1.18.10","","jar","byte-buddy-1.18.10.jar"
"net.bytebuddy","byte-buddy-agent","1.18.10","","jar","byte-buddy-agent-1.18.10.jar"
"net.bytebuddy","byte-buddy-parent","1.18.10","","pom","byte-buddy-parent-1.18.10.pom"
"net.java.dev.jna","jna","5.17.0","","jar","jna-5.17.0.jar"
"net.java.dev.jna","jna-platform","5.17.0","","jar","jna-platform-5.17.0.jar"
"net.minidev","accessors-smart","2.6.0","","jar","accessors-smart-2.6.0.jar"
"net.minidev","json-smart","2.6.0","","jar","json-smart-2.6.0.jar"
"org.antlr","antlr4-master","4.13.2","","pom","antlr4-master-4.13.2.pom"
"org.antlr","antlr4-master","4.7.2","","pom","antlr4-master-4.7.2.pom"
"org.antlr","antlr4-runtime","4.13.2","","jar","antlr4-runtime-4.13.2.jar"
"org.antlr","antlr4-runtime","4.7.2","","jar","antlr4-runtime-4.7.2.jar"
"org.apache","apache","21","","pom","apache-21.pom"
"org.apache","apache","27","","pom","apache-27.pom"
"org.apache","apache","31","","pom","apache-31.pom"
"org.apache","apache","32","","pom","apache-32.pom"
"org.apache","apache","33","","pom","apache-33.pom"
"org.apache","apache","35","","pom","apache-35.pom"
"org.apache","apache","37","","pom","apache-37.pom"
"org.apache.activemq","activemq-bom","6.1.8","","pom","activemq-bom-6.1.8.pom"
"org.apache.activemq","activemq-bom","6.2.6","","pom","activemq-bom-6.2.6.pom"
"org.apache.activemq","artemis-bom","2.43.0","","pom","artemis-bom-2.43.0.pom"
"org.apache.activemq","artemis-project","2.43.0","","pom","artemis-project-2.43.0.pom"
"org.apache.artemis","artemis-bom","2.53.0","","pom","artemis-bom-2.53.0.pom"
"org.apache.artemis","artemis-project","2.53.0","","pom","artemis-project-2.53.0.pom"
"org.apache.cassandra","java-driver-bom","4.19.2","","pom","java-driver-bom-4.19.2.pom"
"org.apache.cassandra","java-driver-bom","4.19.3","","pom","java-driver-bom-4.19.3.pom"
"org.apache.commons","commons-collections4","4.4","","jar","commons-collections4-4.4.jar"
"org.apache.commons","commons-compress","1.27.1","","jar","commons-compress-1.27.1.jar"
"org.apache.commons","commons-lang3","3.16.0","","jar","commons-lang3-3.16.0.jar"
"org.apache.commons","commons-lang3","3.20.0","","jar","commons-lang3-3.20.0.jar"
"org.apache.commons","commons-parent","48","","pom","commons-parent-48.pom"
"org.apache.commons","commons-parent","69","","pom","commons-parent-69.pom"
"org.apache.commons","commons-parent","71","","pom","commons-parent-71.pom"
"org.apache.commons","commons-parent","72","","pom","commons-parent-72.pom"
"org.apache.commons","commons-parent","81","","pom","commons-parent-81.pom"
"org.apache.commons","commons-parent","92","","pom","commons-parent-92.pom"
"org.apache.commons","commons-parent","97","","pom","commons-parent-97.pom"
"org.apache.groovy","groovy-bom","4.0.27","","pom","groovy-bom-4.0.27.pom"
"org.apache.groovy","groovy-bom","5.0.4","","pom","groovy-bom-5.0.4.pom"
"org.apache.groovy","groovy-bom","5.0.6","","pom","groovy-bom-5.0.6.pom"
"org.apache.httpcomponents","httpcomponents-parent","14","","pom","httpcomponents-parent-14.pom"
"org.apache.httpcomponents.client5","httpclient5","5.6.1","","jar","httpclient5-5.6.1.jar"
"org.apache.httpcomponents.client5","httpclient5-parent","5.6.1","","pom","httpclient5-parent-5.6.1.pom"
"org.apache.httpcomponents.core5","httpcore5","5.4","","jar","httpcore5-5.4.jar"
"org.apache.httpcomponents.core5","httpcore5-h2","5.4","","jar","httpcore5-h2-5.4.jar"
"org.apache.httpcomponents.core5","httpcore5-parent","5.4","","pom","httpcore5-parent-5.4.pom"
"org.apache.logging.log4j","log4j","2.25.4","","pom","log4j-2.25.4.pom"
"org.apache.logging.log4j","log4j-api","2.25.4","","jar","log4j-api-2.25.4.jar"
"org.apache.logging.log4j","log4j-bom","2.25.3","","pom","log4j-bom-2.25.3.pom"
"org.apache.logging.log4j","log4j-bom","2.25.4","","pom","log4j-bom-2.25.4.pom"
"org.apache.logging.log4j","log4j-to-slf4j","2.25.4","","jar","log4j-to-slf4j-2.25.4.jar"
"org.apache.pulsar","pulsar-bom","4.1.3","","pom","pulsar-bom-4.1.3.pom"
"org.apache.pulsar","pulsar-bom","4.2.2","","pom","pulsar-bom-4.2.2.pom"
"org.apache.tomcat.embed","tomcat-embed-core","11.0.22","","jar","tomcat-embed-core-11.0.22.jar"
"org.apache.tomcat.embed","tomcat-embed-el","11.0.22","","jar","tomcat-embed-el-11.0.22.jar"
"org.apache.tomcat.embed","tomcat-embed-websocket","11.0.22","","jar","tomcat-embed-websocket-11.0.22.jar"
"org.apiguardian","apiguardian-api","1.1.2","","jar","apiguardian-api-1.1.2.jar"
"org.asciidoctor","asciidoctor-gradle-base","4.0.5","","jar","asciidoctor-gradle-base-4.0.5.jar"
"org.asciidoctor","asciidoctor-gradle-jvm","4.0.5","","jar","asciidoctor-gradle-jvm-4.0.5.jar"
"org.asciidoctor","asciidoctorj-api","2.5.7","","jar","asciidoctorj-api-2.5.7.jar"
"org.asciidoctor.jvm.convert","org.asciidoctor.jvm.convert.gradle.plugin","4.0.5","","pom","org.asciidoctor.jvm.convert.gradle.plugin-4.0.5.pom"
"org.aspectj","aspectjweaver","1.9.25.1","","jar","aspectjweaver-1.9.25.1.jar"
"org.assertj","assertj-bom","3.27.7","","pom","assertj-bom-3.27.7.pom"
"org.assertj","assertj-core","3.27.7","","jar","assertj-core-3.27.7.jar"
"org.awaitility","awaitility","4.3.0","","jar","awaitility-4.3.0.jar"
"org.awaitility","awaitility-parent","4.3.0","","pom","awaitility-parent-4.3.0.pom"
"org.eclipse.angus","angus-activation","2.0.3","","jar","angus-activation-2.0.3.jar"
"org.eclipse.angus","angus-activation-project","2.0.3","","pom","angus-activation-project-2.0.3.pom"
"org.eclipse.ee4j","project","1.0.6","","pom","project-1.0.6.pom"
"org.eclipse.ee4j","project","1.0.7","","pom","project-1.0.7.pom"
"org.eclipse.ee4j","project","1.0.9","","pom","project-1.0.9.pom"
"org.eclipse.ee4j","project","2.0.4","","pom","project-2.0.4.pom"
"org.eclipse.jdt","ecj","3.26.0","","jar","ecj-3.26.0.jar"
"org.eclipse.jetty","jetty-bom","12.1.10","","pom","jetty-bom-12.1.10.pom"
"org.eclipse.jetty","jetty-bom","12.1.7","","pom","jetty-bom-12.1.7.pom"
"org.eclipse.jetty.ee11","jetty-ee11-bom","12.1.10","","pom","jetty-ee11-bom-12.1.10.pom"
"org.eclipse.jetty.ee11","jetty-ee11-bom","12.1.7","","pom","jetty-ee11-bom-12.1.7.pom"
"org.flywaydb","flyway-core","12.4.0","","jar","flyway-core-12.4.0.jar"
"org.flywaydb","flyway-database-oracle","12.4.0","","jar","flyway-database-oracle-12.4.0.jar"
"org.flywaydb","flyway-parent","12.4.0","","pom","flyway-parent-12.4.0.pom"
"org.glassfish.jaxb","jaxb-bom","4.0.9","","pom","jaxb-bom-4.0.9.pom"
"org.glassfish.jaxb","jaxb-bom-ext","4.0.9","","pom","jaxb-bom-ext-4.0.9.pom"
"org.glassfish.jaxb","jaxb-core","4.0.9","","jar","jaxb-core-4.0.9.jar"
"org.glassfish.jaxb","jaxb-parent","4.0.9","","pom","jaxb-parent-4.0.9.pom"
"org.glassfish.jaxb","jaxb-runtime","4.0.9","","jar","jaxb-runtime-4.0.9.jar"
"org.glassfish.jaxb","jaxb-runtime-parent","4.0.9","","pom","jaxb-runtime-parent-4.0.9.pom"
"org.glassfish.jaxb","jaxb-txw-parent","4.0.9","","pom","jaxb-txw-parent-4.0.9.pom"
"org.glassfish.jaxb","txw2","4.0.9","","jar","txw2-4.0.9.jar"
"org.glassfish.jersey","jersey-bom","4.0.2","","pom","jersey-bom-4.0.2.pom"
"org.hamcrest","hamcrest","3.0","","jar","hamcrest-3.0.jar"
"org.hdrhistogram","HdrHistogram","2.2.2","","jar","HdrHistogram-2.2.2.jar"
"org.hibernate.models","hibernate-models","1.1.1","","jar","hibernate-models-1.1.1.jar"
"org.hibernate.orm","hibernate-core","7.4.1.Final","","jar","hibernate-core-7.4.1.Final.jar"
"org.hibernate.orm","hibernate-platform","7.4.1.Final","","pom","hibernate-platform-7.4.1.Final.pom"
"org.hibernate.validator","hibernate-validator","9.1.0.Final","","jar","hibernate-validator-9.1.0.Final.jar"
"org.infinispan","infinispan-bom","15.2.6.Final","","pom","infinispan-bom-15.2.6.Final.pom"
"org.infinispan","infinispan-bom","16.1.4","","pom","infinispan-bom-16.1.4.pom"
"org.infinispan","infinispan-build-configuration-parent","15.2.6.Final","","pom","infinispan-build-configuration-parent-15.2.6.Final.pom"
"org.jacoco","org.jacoco.agent","0.8.13","","jar","org.jacoco.agent-0.8.13.jar"
"org.jacoco","org.jacoco.ant","0.8.13","","jar","org.jacoco.ant-0.8.13.jar"
"org.jacoco","org.jacoco.build","0.8.13","","pom","org.jacoco.build-0.8.13.pom"
"org.jacoco","org.jacoco.core","0.8.13","","jar","org.jacoco.core-0.8.13.jar"
"org.jacoco","org.jacoco.report","0.8.13","","jar","org.jacoco.report-0.8.13.jar"
"org.jboss","jboss-parent","52","","pom","jboss-parent-52.pom"
"org.jboss.logging","jboss-logging","3.6.3.Final","","jar","jboss-logging-3.6.3.Final.jar"
"org.jetbrains.kotlin","kotlin-bom","1.7.20","","pom","kotlin-bom-1.7.20.pom"
"org.jetbrains.kotlin","kotlin-bom","2.2.21","","pom","kotlin-bom-2.2.21.pom"
"org.jetbrains.kotlin","kotlin-bom","2.3.21","","pom","kotlin-bom-2.3.21.pom"
"org.jetbrains.kotlinx","kotlinx-coroutines-bom","1.10.2","","pom","kotlinx-coroutines-bom-1.10.2.pom"
"org.jetbrains.kotlinx","kotlinx-serialization-bom","1.11.0","","pom","kotlinx-serialization-bom-1.11.0.pom"
"org.jetbrains.kotlinx","kotlinx-serialization-bom","1.9.0","","pom","kotlinx-serialization-bom-1.9.0.pom"
"org.jmolecules","jmolecules-bom","2025.0.2","","pom","jmolecules-bom-2025.0.2.pom"
"org.jooq","jooq-bom","3.19.31","","pom","jooq-bom-3.19.31.pom"
"org.jooq","jooq-bom","3.21.5","","pom","jooq-bom-3.21.5.pom"
"org.jsoup","jsoup","1.18.3","","jar","jsoup-1.18.3.jar"
"org.jspecify","jspecify","1.0.0","","jar","jspecify-1.0.0.jar"
"org.junit","junit-bom","5.10.2","","pom","junit-bom-5.10.2.pom"
"org.junit","junit-bom","5.11.0-M2","","pom","junit-bom-5.11.0-M2.pom"
"org.junit","junit-bom","5.11.4","","pom","junit-bom-5.11.4.pom"
"org.junit","junit-bom","5.13.2","","pom","junit-bom-5.13.2.pom"
"org.junit","junit-bom","5.13.3","","pom","junit-bom-5.13.3.pom"
"org.junit","junit-bom","5.13.4","","pom","junit-bom-5.13.4.pom"
"org.junit","junit-bom","5.14.1","","pom","junit-bom-5.14.1.pom"
"org.junit","junit-bom","5.14.2","","pom","junit-bom-5.14.2.pom"
"org.junit","junit-bom","6.0.3","","pom","junit-bom-6.0.3.pom"
"org.junit.jupiter","junit-jupiter","6.0.3","","jar","junit-jupiter-6.0.3.jar"
"org.junit.jupiter","junit-jupiter-api","6.0.3","","jar","junit-jupiter-api-6.0.3.jar"
"org.junit.jupiter","junit-jupiter-engine","6.0.3","","jar","junit-jupiter-engine-6.0.3.jar"
"org.junit.jupiter","junit-jupiter-params","6.0.3","","jar","junit-jupiter-params-6.0.3.jar"
"org.junit.platform","junit-platform-commons","6.0.3","","jar","junit-platform-commons-6.0.3.jar"
"org.junit.platform","junit-platform-engine","6.0.3","","jar","junit-platform-engine-6.0.3.jar"
"org.junit.platform","junit-platform-launcher","6.0.3","","jar","junit-platform-launcher-6.0.3.jar"
"org.mockito","mockito-bom","4.11.0","","pom","mockito-bom-4.11.0.pom"
"org.mockito","mockito-bom","5.20.0","","pom","mockito-bom-5.20.0.pom"
"org.mockito","mockito-bom","5.23.0","","pom","mockito-bom-5.23.0.pom"
"org.mockito","mockito-core","5.23.0","","jar","mockito-core-5.23.0.jar"
"org.mockito","mockito-junit-jupiter","5.23.0","","jar","mockito-junit-jupiter-5.23.0.jar"
"org.mongodb","mongodb-driver-bom","5.6.4","","pom","mongodb-driver-bom-5.6.4.pom"
"org.mongodb","mongodb-driver-bom","5.8.0","","pom","mongodb-driver-bom-5.8.0.pom"
"org.neo4j.bolt","neo4j-bolt-connection-bom","10.1.1","","pom","neo4j-bolt-connection-bom-10.1.1.pom"
"org.neo4j.bolt","neo4j-bolt-connection-bom","11.0.2","","pom","neo4j-bolt-connection-bom-11.0.2.pom"
"org.neo4j.driver","neo4j-java-driver-bom","6.0.3","","pom","neo4j-java-driver-bom-6.0.3.pom"
"org.neo4j.driver","neo4j-java-driver-bom","6.1.0","","pom","neo4j-java-driver-bom-6.1.0.pom"
"org.objenesis","objenesis","3.3","","jar","objenesis-3.3.jar"
"org.objenesis","objenesis-parent","3.3","","pom","objenesis-parent-3.3.pom"
"org.opentest4j","opentest4j","1.3.0","","jar","opentest4j-1.3.0.jar"
"org.osgi","org.osgi.annotation.bundle","2.0.0","","jar","org.osgi.annotation.bundle-2.0.0.jar"
"org.osgi","org.osgi.annotation.versioning","1.1.2","","jar","org.osgi.annotation.versioning-1.1.2.jar"
"org.osgi","org.osgi.resource","1.0.0","","jar","org.osgi.resource-1.0.0.jar"
"org.osgi","org.osgi.service.serviceloader","1.0.0","","jar","org.osgi.service.serviceloader-1.0.0.jar"
"org.ow2","ow2","1.5.1","","pom","ow2-1.5.1.pom"
"org.ow2.asm","asm","9.7.1","","jar","asm-9.7.1.jar"
"org.ow2.asm","asm","9.8","","jar","asm-9.8.jar"
"org.ow2.asm","asm-bom","9.8","","pom","asm-bom-9.8.pom"
"org.ow2.asm","asm-commons","9.8","","jar","asm-commons-9.8.jar"
"org.ow2.asm","asm-tree","9.8","","jar","asm-tree-9.8.jar"
"org.projectlombok","lombok","1.18.46","","jar","lombok-1.18.46.jar"
"org.seleniumhq.selenium","selenium-bom","4.37.0","","pom","selenium-bom-4.37.0.pom"
"org.seleniumhq.selenium","selenium-bom","4.43.0","","pom","selenium-bom-4.43.0.pom"
"org.skyscreamer","jsonassert","1.5.3","","jar","jsonassert-1.5.3.jar"
"org.slf4j","jul-to-slf4j","2.0.18","","jar","jul-to-slf4j-2.0.18.jar"
"org.slf4j","slf4j-api","1.7.36","","jar","slf4j-api-1.7.36.jar"
"org.slf4j","slf4j-api","2.0.18","","jar","slf4j-api-2.0.18.jar"
"org.slf4j","slf4j-bom","2.0.18","","pom","slf4j-bom-2.0.18.pom"
"org.slf4j","slf4j-parent","1.7.36","","pom","slf4j-parent-1.7.36.pom"
"org.slf4j","slf4j-parent","2.0.18","","pom","slf4j-parent-2.0.18.pom"
"org.sonatype.oss","oss-parent","7","","pom","oss-parent-7.pom"
"org.sonatype.oss","oss-parent","9","","pom","oss-parent-9.pom"
"org.springdoc","springdoc-openapi","3.0.3","","pom","springdoc-openapi-3.0.3.pom"
"org.springdoc","springdoc-openapi-starter-common","3.0.3","","jar","springdoc-openapi-starter-common-3.0.3.jar"
"org.springdoc","springdoc-openapi-starter-webmvc-api","3.0.3","","jar","springdoc-openapi-starter-webmvc-api-3.0.3.jar"
"org.springdoc","springdoc-openapi-starter-webmvc-ui","3.0.3","","jar","springdoc-openapi-starter-webmvc-ui-3.0.3.jar"
"org.springframework","spring-aop","7.0.8","","jar","spring-aop-7.0.8.jar"
"org.springframework","spring-aspects","7.0.8","","jar","spring-aspects-7.0.8.jar"
"org.springframework","spring-beans","7.0.8","","jar","spring-beans-7.0.8.jar"
"org.springframework","spring-context","7.0.8","","jar","spring-context-7.0.8.jar"
"org.springframework","spring-context-support","7.0.8","","jar","spring-context-support-7.0.8.jar"
"org.springframework","spring-core","7.0.8","","jar","spring-core-7.0.8.jar"
"org.springframework","spring-expression","7.0.8","","jar","spring-expression-7.0.8.jar"
"org.springframework","spring-framework-bom","5.3.39","","pom","spring-framework-bom-5.3.39.pom"
"org.springframework","spring-framework-bom","7.0.6","","pom","spring-framework-bom-7.0.6.pom"
"org.springframework","spring-framework-bom","7.0.8","","pom","spring-framework-bom-7.0.8.pom"
"org.springframework","spring-jdbc","7.0.8","","jar","spring-jdbc-7.0.8.jar"
"org.springframework","spring-orm","7.0.8","","jar","spring-orm-7.0.8.jar"
"org.springframework","spring-test","7.0.8","","jar","spring-test-7.0.8.jar"
"org.springframework","spring-tx","7.0.8","","jar","spring-tx-7.0.8.jar"
"org.springframework","spring-web","7.0.8","","jar","spring-web-7.0.8.jar"
"org.springframework","spring-webmvc","7.0.8","","jar","spring-webmvc-7.0.8.jar"
"org.springframework.ai","spring-ai-bom","1.1.2","","pom","spring-ai-bom-1.1.2.pom"
"org.springframework.amqp","spring-amqp-bom","4.0.2","","pom","spring-amqp-bom-4.0.2.pom"
"org.springframework.amqp","spring-amqp-bom","4.1.0","","pom","spring-amqp-bom-4.1.0.pom"
"org.springframework.batch","spring-batch-bom","6.0.3","","pom","spring-batch-bom-6.0.3.pom"
"org.springframework.batch","spring-batch-bom","6.0.4","","pom","spring-batch-bom-6.0.4.pom"
"org.springframework.boot","org.springframework.boot.gradle.plugin","4.1.0","","pom","org.springframework.boot.gradle.plugin-4.1.0.pom"
"org.springframework.boot","spring-boot","4.1.0","","jar","spring-boot-4.1.0.jar"
"org.springframework.boot","spring-boot-actuator","4.1.0","","jar","spring-boot-actuator-4.1.0.jar"
"org.springframework.boot","spring-boot-actuator-autoconfigure","4.1.0","","jar","spring-boot-actuator-autoconfigure-4.1.0.jar"
"org.springframework.boot","spring-boot-autoconfigure","4.1.0","","jar","spring-boot-autoconfigure-4.1.0.jar"
"org.springframework.boot","spring-boot-buildpack-platform","4.1.0","","jar","spring-boot-buildpack-platform-4.1.0.jar"
"org.springframework.boot","spring-boot-cache","4.1.0","","jar","spring-boot-cache-4.1.0.jar"
"org.springframework.boot","spring-boot-configuration-processor","4.1.0","","jar","spring-boot-configuration-processor-4.1.0.jar"
"org.springframework.boot","spring-boot-data-commons","4.1.0","","jar","spring-boot-data-commons-4.1.0.jar"
"org.springframework.boot","spring-boot-data-jpa","4.1.0","","jar","spring-boot-data-jpa-4.1.0.jar"
"org.springframework.boot","spring-boot-data-jpa-test","4.1.0","","jar","spring-boot-data-jpa-test-4.1.0.jar"
"org.springframework.boot","spring-boot-dependencies","4.0.5","","pom","spring-boot-dependencies-4.0.5.pom"
"org.springframework.boot","spring-boot-dependencies","4.1.0","","pom","spring-boot-dependencies-4.1.0.pom"
"org.springframework.boot","spring-boot-devtools","4.1.0","","jar","spring-boot-devtools-4.1.0.jar"
"org.springframework.boot","spring-boot-flyway","4.1.0","","jar","spring-boot-flyway-4.1.0.jar"
"org.springframework.boot","spring-boot-gradle-plugin","4.1.0","","jar","spring-boot-gradle-plugin-4.1.0.jar"
"org.springframework.boot","spring-boot-health","4.1.0","","jar","spring-boot-health-4.1.0.jar"
"org.springframework.boot","spring-boot-hibernate","4.1.0","","jar","spring-boot-hibernate-4.1.0.jar"
"org.springframework.boot","spring-boot-http-converter","4.1.0","","jar","spring-boot-http-converter-4.1.0.jar"
"org.springframework.boot","spring-boot-jackson","4.1.0","","jar","spring-boot-jackson-4.1.0.jar"
"org.springframework.boot","spring-boot-jdbc","4.1.0","","jar","spring-boot-jdbc-4.1.0.jar"
"org.springframework.boot","spring-boot-jdbc-test","4.1.0","","jar","spring-boot-jdbc-test-4.1.0.jar"
"org.springframework.boot","spring-boot-jpa","4.1.0","","jar","spring-boot-jpa-4.1.0.jar"
"org.springframework.boot","spring-boot-jpa-test","4.1.0","","jar","spring-boot-jpa-test-4.1.0.jar"
"org.springframework.boot","spring-boot-loader-tools","4.1.0","","jar","spring-boot-loader-tools-4.1.0.jar"
"org.springframework.boot","spring-boot-micrometer-metrics","4.1.0","","jar","spring-boot-micrometer-metrics-4.1.0.jar"
"org.springframework.boot","spring-boot-micrometer-metrics-test","4.1.0","","jar","spring-boot-micrometer-metrics-test-4.1.0.jar"
"org.springframework.boot","spring-boot-micrometer-observation","4.1.0","","jar","spring-boot-micrometer-observation-4.1.0.jar"
"org.springframework.boot","spring-boot-persistence","4.1.0","","jar","spring-boot-persistence-4.1.0.jar"
"org.springframework.boot","spring-boot-restdocs","4.1.0","","jar","spring-boot-restdocs-4.1.0.jar"
"org.springframework.boot","spring-boot-resttestclient","4.1.0","","jar","spring-boot-resttestclient-4.1.0.jar"
"org.springframework.boot","spring-boot-security","4.1.0","","jar","spring-boot-security-4.1.0.jar"
"org.springframework.boot","spring-boot-security-test","4.1.0","","jar","spring-boot-security-test-4.1.0.jar"
"org.springframework.boot","spring-boot-servlet","4.1.0","","jar","spring-boot-servlet-4.1.0.jar"
"org.springframework.boot","spring-boot-sql","4.1.0","","jar","spring-boot-sql-4.1.0.jar"
"org.springframework.boot","spring-boot-starter","4.1.0","","jar","spring-boot-starter-4.1.0.jar"
"org.springframework.boot","spring-boot-starter-actuator","4.1.0","","jar","spring-boot-starter-actuator-4.1.0.jar"
"org.springframework.boot","spring-boot-starter-actuator-test","4.1.0","","jar","spring-boot-starter-actuator-test-4.1.0.jar"
"org.springframework.boot","spring-boot-starter-cache","4.1.0","","jar","spring-boot-starter-cache-4.1.0.jar"
"org.springframework.boot","spring-boot-starter-data-jpa","4.1.0","","jar","spring-boot-starter-data-jpa-4.1.0.jar"
"org.springframework.boot","spring-boot-starter-data-jpa-test","4.1.0","","jar","spring-boot-starter-data-jpa-test-4.1.0.jar"
"org.springframework.boot","spring-boot-starter-flyway","4.1.0","","jar","spring-boot-starter-flyway-4.1.0.jar"
"org.springframework.boot","spring-boot-starter-jackson","4.1.0","","jar","spring-boot-starter-jackson-4.1.0.jar"
"org.springframework.boot","spring-boot-starter-jackson-test","4.1.0","","jar","spring-boot-starter-jackson-test-4.1.0.jar"
"org.springframework.boot","spring-boot-starter-jdbc","4.1.0","","jar","spring-boot-starter-jdbc-4.1.0.jar"
"org.springframework.boot","spring-boot-starter-jdbc-test","4.1.0","","jar","spring-boot-starter-jdbc-test-4.1.0.jar"
"org.springframework.boot","spring-boot-starter-logging","4.1.0","","jar","spring-boot-starter-logging-4.1.0.jar"
"org.springframework.boot","spring-boot-starter-micrometer-metrics","4.1.0","","jar","spring-boot-starter-micrometer-metrics-4.1.0.jar"
"org.springframework.boot","spring-boot-starter-micrometer-metrics-test","4.1.0","","jar","spring-boot-starter-micrometer-metrics-test-4.1.0.jar"
"org.springframework.boot","spring-boot-starter-parent","4.0.5","","pom","spring-boot-starter-parent-4.0.5.pom"
"org.springframework.boot","spring-boot-starter-security","4.1.0","","jar","spring-boot-starter-security-4.1.0.jar"
"org.springframework.boot","spring-boot-starter-security-test","4.1.0","","jar","spring-boot-starter-security-test-4.1.0.jar"
"org.springframework.boot","spring-boot-starter-test","4.1.0","","jar","spring-boot-starter-test-4.1.0.jar"
"org.springframework.boot","spring-boot-starter-tomcat","4.1.0","","jar","spring-boot-starter-tomcat-4.1.0.jar"
"org.springframework.boot","spring-boot-starter-tomcat-runtime","4.1.0","","jar","spring-boot-starter-tomcat-runtime-4.1.0.jar"
"org.springframework.boot","spring-boot-starter-validation","4.1.0","","jar","spring-boot-starter-validation-4.1.0.jar"
"org.springframework.boot","spring-boot-starter-web","4.1.0","","jar","spring-boot-starter-web-4.1.0.jar"
"org.springframework.boot","spring-boot-starter-webmvc","4.1.0","","jar","spring-boot-starter-webmvc-4.1.0.jar"
"org.springframework.boot","spring-boot-starter-webmvc-test","4.1.0","","jar","spring-boot-starter-webmvc-test-4.1.0.jar"
"org.springframework.boot","spring-boot-test","4.1.0","","jar","spring-boot-test-4.1.0.jar"
"org.springframework.boot","spring-boot-test-autoconfigure","4.1.0","","jar","spring-boot-test-autoconfigure-4.1.0.jar"
"org.springframework.boot","spring-boot-tomcat","4.1.0","","jar","spring-boot-tomcat-4.1.0.jar"
"org.springframework.boot","spring-boot-transaction","4.1.0","","jar","spring-boot-transaction-4.1.0.jar"
"org.springframework.boot","spring-boot-validation","4.1.0","","jar","spring-boot-validation-4.1.0.jar"
"org.springframework.boot","spring-boot-webmvc","4.1.0","","jar","spring-boot-webmvc-4.1.0.jar"
"org.springframework.boot","spring-boot-webmvc-test","4.1.0","","jar","spring-boot-webmvc-test-4.1.0.jar"
"org.springframework.boot","spring-boot-web-server","4.1.0","","jar","spring-boot-web-server-4.1.0.jar"
"org.springframework.cloud","spring-cloud-dependencies-parent","5.0.0-M1","","pom","spring-cloud-dependencies-parent-5.0.0-M1.pom"
"org.springframework.cloud","spring-cloud-function-dependencies","5.0.0-M1","","pom","spring-cloud-function-dependencies-5.0.0-M1.pom"
"org.springframework.data","spring-data-bom","2025.1.4","","pom","spring-data-bom-2025.1.4.pom"
"org.springframework.data","spring-data-bom","2026.0.0","","pom","spring-data-bom-2026.0.0.pom"
"org.springframework.data","spring-data-commons","4.1.0","","jar","spring-data-commons-4.1.0.jar"
"org.springframework.data","spring-data-jpa","4.1.0","","jar","spring-data-jpa-4.1.0.jar"
"org.springframework.data","spring-data-jpa-parent","4.1.0","","pom","spring-data-jpa-parent-4.1.0.pom"
"org.springframework.data.build","spring-data-build","4.1.0","","pom","spring-data-build-4.1.0.pom"
"org.springframework.data.build","spring-data-parent","4.1.0","","pom","spring-data-parent-4.1.0.pom"
"org.springframework.integration","spring-integration-bom","7.0.4","","pom","spring-integration-bom-7.0.4.pom"
"org.springframework.integration","spring-integration-bom","7.1.0","","pom","spring-integration-bom-7.1.0.pom"
"org.springframework.pulsar","spring-pulsar-bom","2.0.4","","pom","spring-pulsar-bom-2.0.4.pom"
"org.springframework.pulsar","spring-pulsar-bom","2.0.6","","pom","spring-pulsar-bom-2.0.6.pom"
"org.springframework.restdocs","spring-restdocs-bom","4.0.0","","pom","spring-restdocs-bom-4.0.0.pom"
"org.springframework.restdocs","spring-restdocs-bom","4.0.1","","pom","spring-restdocs-bom-4.0.1.pom"
"org.springframework.restdocs","spring-restdocs-core","4.0.1","","jar","spring-restdocs-core-4.0.1.jar"
"org.springframework.restdocs","spring-restdocs-mockmvc","4.0.1","","jar","spring-restdocs-mockmvc-4.0.1.jar"
"org.springframework.security","spring-security-bom","7.0.4","","pom","spring-security-bom-7.0.4.pom"
"org.springframework.security","spring-security-bom","7.1.0","","pom","spring-security-bom-7.1.0.pom"
"org.springframework.security","spring-security-config","7.1.0","","jar","spring-security-config-7.1.0.jar"
"org.springframework.security","spring-security-core","7.1.0","","jar","spring-security-core-7.1.0.jar"
"org.springframework.security","spring-security-crypto","7.1.0","","jar","spring-security-crypto-7.1.0.jar"
"org.springframework.security","spring-security-test","7.1.0","","jar","spring-security-test-7.1.0.jar"
"org.springframework.security","spring-security-web","7.1.0","","jar","spring-security-web-7.1.0.jar"
"org.springframework.session","spring-session-bom","4.0.2","","pom","spring-session-bom-4.0.2.pom"
"org.springframework.session","spring-session-bom","4.1.0","","pom","spring-session-bom-4.1.0.pom"
"org.springframework.ws","spring-ws-bom","5.0.1","","pom","spring-ws-bom-5.0.1.pom"
"org.springframework.ws","spring-ws-bom","5.0.2","","pom","spring-ws-bom-5.0.2.pom"
"org.testcontainers","testcontainers-bom","2.0.4","","pom","testcontainers-bom-2.0.4.pom"
"org.testcontainers","testcontainers-bom","2.0.5","","pom","testcontainers-bom-2.0.5.pom"
"org.tomlj","tomlj","1.0.0","","jar","tomlj-1.0.0.jar"
"org.tukaani","xz","1.6","","jar","xz-1.6.jar"
"org.webjars","swagger-ui","5.32.2","","jar","swagger-ui-5.32.2.jar"
"org.webjars","webjars-locator-lite","1.1.3","","jar","webjars-locator-lite-1.1.3.jar"
"org.xmlunit","xmlunit-core","2.11.0","","jar","xmlunit-core-2.11.0.jar"
"org.xmlunit","xmlunit-parent","2.11.0","","pom","xmlunit-parent-2.11.0.pom"
"org.yaml","snakeyaml","2.6","","jar","snakeyaml-2.6.jar"
"org.ysb33r.gradle","grolifant40","3.0.1","","jar","grolifant40-3.0.1.jar"
"org.ysb33r.gradle","grolifant40-legacy-api","3.0.1","","jar","grolifant40-legacy-api-3.0.1.jar"
"org.ysb33r.gradle","grolifant50","3.0.1","","jar","grolifant50-3.0.1.jar"
"org.ysb33r.gradle","grolifant60","3.0.1","","jar","grolifant60-3.0.1.jar"
"org.ysb33r.gradle","grolifant70","3.0.1","","jar","grolifant70-3.0.1.jar"
"org.ysb33r.gradle","grolifant80","3.0.1","","jar","grolifant80-3.0.1.jar"
"org.ysb33r.gradle","grolifant-core","3.0.1","","jar","grolifant-core-3.0.1.jar"
"org.ysb33r.gradle","grolifant-herd","3.0.1","","jar","grolifant-herd-3.0.1.jar"
"org.ysb33r.gradle","grolifant-rawhide","3.0.1","","jar","grolifant-rawhide-3.0.1.jar"
"tools.jackson","jackson-base","3.1.4","","pom","jackson-base-3.1.4.pom"
"tools.jackson","jackson-bom","3.1.0","","pom","jackson-bom-3.1.0.pom"
"tools.jackson","jackson-bom","3.1.4","","pom","jackson-bom-3.1.4.pom"
"tools.jackson.core","jackson-core","3.1.4","","jar","jackson-core-3.1.4.jar"
"tools.jackson.core","jackson-databind","3.1.4","","jar","jackson-databind-3.1.4.jar"
